ID;Název;Stavba;Investor;Klient;"Rozsah služby";Realizace;"Rozpočtové náklady";Popis;Datum;Č.zak.;HIP;Menu;"Významná reference"
1;"Bondy centrum";"Bondy centrum Mladá Boleslav";"RLRE SIGMA PROPERTY a.s.";"4A architekti, s. r. o.";"RDS 2006 - 2007";"2006 - 2007";"180 mil. Kč";"Bondy Centrum se nachází v intravilánu města Mladá Boleslav, na rozhraní areálu Škoda Auto a.s. a městské zástavby. Představuje typicky vnitroměstské obchodně zábavní centrum, těžící ze své výhodné polohy podél frekventované komunikace V.Klementa, na spojnici autobusového a vlakového nádraží a zároveň při zaměstnaneckém vstupu do továrny Škoda Auto. %%Architektonický koncept Bondy Centra byl vystavěn na motivu karoserie automobilu. Rychlost a dynamičnost se propsaly do tvaru budovy jako dvě křivky ubíhající po třídě Váslava Klementa jedna do centra, a druhá směrem na Kosmonosy.  Na Bondy centru zanechají stopu v podobě členitého tvaru, který je v záměrném kontrastu s uniformitou prostředí paneláků a továrních hal v blízkém okolí. %%Objekt je výškově členitý objekt s maximálně pěti nadzemními podlažími.  Má jedno podzemní podlaží, které obsahuje technické zázemí a sklady a dvouúrovňový parking pro návštěvníky a zaměstnance centra. V prvním a druhém nadzemním podlaží jsou umístěny pronajímatelné obchodní a restaurační plochy. Třetí až páté podlaží tvoří v samostatné věži pronajímatelné kancelářské plochy. Nabídku služeb doplňuje rovněž v samostatném stavebním bloku-věži herní centrum (bowling, billiard, bowle atd.)  a multikino. %%Velice komplikovaný byl návrh založení objektu. Původně předpokládané založení na patkách bylo s ohledem na velice obtížnou těžitelnost skalních vrstev přepracováno na průběžnou přímo pojížděnou základovou desku. Dalším problémem založení byla přítomnost městské kanalizační stoky, která prochází napříč objektem Bondy centra v hloubce cca 5,5m rozvětvuje se, základovou desku je tedy v místech kolize se stokou nutno přemostit. Železobetonová nosná konstrukce je navržena jako skelet, tvořený spojitými monolitickými nosníky a příčně pnutými filigránovými stropními deskami. Problematické byly oblasti podél mallu, kde bylo nutno konzoly o vyložení až 7m lokálně předepnout. Dalším problémem bylo vedení páteřních vzduchotechnických sítí, pro které bylo nutno navrhnout ¨na míru¨ velké otvory v primárních nosnících. V rámci objektu Bondy centra byla navržena a realizována rovněž mostní konstrukce ¨Zakrytí trati¨, která vytváří rozptylové náměstí před hlavním vstupem do objektu.";"@TODO DATUM";18006.1-1;VV;pstavby;
2;"Brod n./Tichou";"Obchvat Brod n.Tichou, Mosty přes vodoteč a polní cestu";"editelství silnic a dálnic ČR";"SUDOP PRAHA a. s.";"RDS 2001";"2001 - 2003";"45 mil. Kč";"Silniční most o dvou polích v přechodnici a v podélném sklonu 0,5% se nachází v extravilánu v katastru obce Brod nad Tichou. Nosnou konstrukci pole č.1 tvoří železobetonová rozpěráková deska s rozpětím 10,3 m a tloušťkou 700 mm a pole č.2 tvoří ocelobetonová spřažená konstrukce. Hlavní nosný systém sestává ze 4 hlavních svařovaných ocelových nosníků profilu I výšky 1550 mm s nesymetrickými pásnicemi. Osová vzdálenost nosníků je 3200 mm. Délka nosníku je 36,5 m. Mostovku tvoří železobetonová deska proměnné tloušťky  od 273 mm do 290 mm. Nosníky byly smontovány na skruži.  Spodní stavba sestává ze dvou opěr a společného tvarově složitého pilíře, na kterém je uložena jak rozpěráková část tak spřažená část mostu.";"@TODO DATUM";1-111-595;PK;mosty;
3;Broumarská;"Rekonstrukce ulice Broumarské";"TSK  hl.města Prahy";"TSK  hl.města Prahy";"DUR 1996, DSP 1998 - 2004,  RDS 2004 - 2006";"2004 - 2006";"130 mil. Kč";"Broumarská ulice v Praze 14 tvoří dopravně významnou spojku mezi komunikacemi Českobrodskou a Chlumeckou. Zásadou rekonstrukce byla přeměna komunikace extravilánového typu  s příkopovým odvodněním na komunikaci městského typu a s chodníky. Broumarská je navržena jako místní komunikace funkční skupiny B, funkční třídy 2, sběrná s funkcí dopravně obslužnou katagorie MS 9/60 s šířkou jízdního pruhu 3,5 m. Celková délka komunikace je 1,040 m. Celková rekonstrukce byla rozdělena do tří samostatných staveb &#9679; SSZ 9.605 Českobroská ? Broumarská &#9679; Rekonstrukce ul. Broumarské, úsek km 0,200 - 0,480 &#9679; Rekonstrukce ul. Broumarské, úsek km 0,480 ? KÚ. Velká část vynaložených investičních nákladů je využita pro rekonstrukci, opravu a doplnění inženýrských sítí.; Odvodnění- tři nové dešťové kanalizační řady, přípojky uličních vpustí a nová dešťová usazovací nádrž řeší  kompletně odvodnění komunikace; Vodovody - 450 m nového vodovodního řadu DN 200 včetně přípojek. V prostoru mostního objektu je řad zavěšen nad tratí ČD.; Veřejné osvětlení - kompletní nové Vo; Kabely PRE - přeložky kabelů PRE 1 kV a 22 kV v úseku dotčeném stavbou - cca - 400 m. ; Slaboproudé kabely-  místní přeložky kabelů MTS Telecom a úpravy optických kabelů 8-mi vlastníků v délce 200 m.;  Inženýrské objekty - poloha  a výškové úpravy nivelety jsou řešeny dvěma zdmi - opěrná zeď Broumarská (železobetonová monolitická zeď dl. 62 m  s proměnnou výškou až 3,5 m) a zárubní  zeď  Hodějovská s délkou 30 m o výšce do 2,8 m.  K rozsáhlým úpravám došlo i na mostě přes dvoukolejnou trať. Sanace spodní stavby, zvýšení únosnosti zesílené nosné konstrukce, nové římsy s chodníky;  Návazné úpravy okolí - demolice dvoupodlažního objektu bývalé školy, demolice skladu- rozsáhlé sadové úpravy- protihluková ochrana - výměna oken u dotčených objektů. Součástí přípravy stavby průzkumy a studie řešící  ve variantách okolí areálu kostela sv. Bartoloměje včetně dopadu stavební činnosti na stabilitu kulturní památky. Uzávěra ulice zasáhla do dopravní situace v rozsáhlém okolí, vozidla byla nasměrována na objízdné trasy, složitě byly hledány nové trasy denních, nočních i školních autobusů.";"@TODO DATUM";04604.3-2;JB;dstavby;
4;"CČM - Parking ";"Zábavní centrum - Parking Černý most";"Intershop Praha";"HOCHTIEF VSB a.s.";"RDS 1999 - 2000";"2000 - 2001";"60 mil. Kč";"Stavba čtyřpodlažního objektu krytých parkovacích stání pro 500 vozidel Zábavního centra Černý Most je navržena jako železobetonová konstrukce, tvořící zároveň architekturu budovy. Staticko-konstrukční řešení muselo umožnit realizaci kompletní stavby v termínu 4 měsíců ? využívá v maximální míře prefabrikace, zároveň musí zaručit vodotěsnost obvodových stěn a stropních desek bez izolace. Základním principem architektonického řešení bylo využití výškového rozdílu mezi obslužnými komunikacemi Zábavního centra, který činí 10,0m. Z tohoto výškového rozdílu vyplývá i zvolená konstrukční výška jednotlivých podlaží (3,33m) parkingu, což vede na stupňovité uspořádání jednotlivých podlaží s propojovacími rampami po stranách objektu. Mezi rampami byl navržen parkovací prostor o podélném modulu 5 resp. 10m a příčném modulu 3x16,5m. Výsledný návrh nosné konstrukce byl dán technologickými podmínkami dodavatele a požadavky na rychlost výstavby. Konstrukční řešení stropních desek muselo umožnit nezávislé pokládání podlahových stěrek v jednotlivých podlažích, tzn. nebylo přípustné podskružení nebo montážní podepření stropů. Důvodem byly požadované lhůty výstavby a skutečnost, že užitné zatížení stropů je nižší, než vlastní tíha stropních desek následujících podlaží. Navržena byla kompaktní betonová konstrukce, která kombinuje výhody železového a předpjatého betonu dle požadavku na danou konstrukční část.";"@TODO DATUM";"1-103-125 , 1-110-47";VV;pstavby;
5;Europark;"Europark Praha Štěrboholy";"Aspiag AG (Interspar)";"EUROPARK SHOPPING CENTER, a.s.";"RDS 2000 - 2001";2001;"150 mil. Kč";"Stavba obchodního centra v prostoru křižovatky Průmyslové ulice a Jižní cesty byla pod názvem FMC Štěrboholy připravována rakouskou developerskou společností Plan&Bau přibližně od roku 1998. Po získání stavebního povolení převzala další přípravu švýcarská společnost ASPIAG investorské skupiny Interspar, která ve spolupráci s rakouskou architektonickou kanceláří Architektur & Generalplanung International zásadně přepracovala dispoziční řešení objektu a pod změněným názvem Europark Praha neprodleně přistoupila k realizaci. Hlavní objekt půdorysných rozměrů přibližně 250 x 100 m a modulovém rastru 10,50 x 8,50 m je navržen v kombinaci prefabrikovaných a monolitických železobetonových konstrukcí, s doplňkovými ocelovými konstrukcemi. Zatímco prefabrikovaná část sestává prakticky ze tří základních konstrukčních prvků, realizovaných na převážné části půdorysu, monolitické konstrukce jsou navrženy ve všech problematických částech budovy. Koncepce staticko-konstrukčního řešení objektu byla minimální a navíc byla v průběhu realizace trvale upravována. Architektonický návrh vycházel prakticky ze zkušeností s obdobnými objekty a předpokladu, aby při daném modulovém rastru bylo s ohledem na požadovanou rychlost výstavby maximum konstrukcí prefabrikováno. Pro monolitické provedení byla vytipována servisní jádra a další oblasti, jejich skutečný rozsah a konkrétní konstrukční řešení bylo však upřesňováno až těsně před realizací. Dokumentaci prefabrikované části zpracovávala v rámci dodávky stavby projekční skupina PREFA PRAHA, monolitické části včetně založení celého objektu kancelář VIN Consult. Základní parametry návrhu: Modulová osnova 8,5 x 10,5 m; 1 podzemní a 2 nadzemní podlaží ( atika + 12,50 ), administrativní objekt 5 nadzemních podlaží ( atika +19,50 ), obloukové zastřešení Mallu";"@TODO DATUM";VV;VV;pstavby;1
6;Chodov;"Centrum Praha Jih Chodov, Budova A východ";"RODAMCO Europe";"HELIKA a.s";"RDS 2004";"2004 - 2005";"300 mil. Kč";"Budova A je hlavní objekt nového obchodního centra Chodov v Praze. Provozně jednotný objekt sestává ze tří samostatných konstrukčních částí - ocelová konstrukce nad Roztylskou ulicí, betonová východní a západní část. Prezentovaná východní část je šestipodlažní. V úrovních -3 a -2 jsou umístěna parkoviště P+R, úroveň -1 a M zahrnuje parkoviště pro návštěvníky a zásobování centra. Na úrovni 0 a +1 jsou umístěny obchodní jednotky s kruhovým náměstím ( východní věž ) a nákupní pasáží. Na střeše objektu  je situováno sportcentrum a další parkoviště, příjezd vozidel je zajištěn dvěma kruhovými rampami ( rondely ) po stranách objektu. Nosná konstrukce objektu ¨A-východ¨ je tvořena železobetonovým skeletem, sestávajícím z pěti dilatačních celků, základní modulová osnova je navržena v rozteči 8,10x7,50. Budova půdorysných rozměrů cca 180x100m je šestipodlažní, 3 podzemní podlaží jsou doplněna mezaninem a dvěma nadzemními podlažími. V příčném řezu je objekt výškově odstupňován, dilatační celky AV1 až AV3 jsou ukončeny na úrovni 0. V podzemních podlažích objektu byly při stlačené konstrukční výšce 2,75m navrženy bezprůvlakové spřažené filigránové stropy, bodově podepřené na monolitických sloupech. V nadzemních podlažích ( dilatační celky AV4, AV5 a částečně AV3 ) je konstrukční výška minimálně 5,50m, proto byla maximalizována míra prefabrikace. Stropní konstrukce je navržena jako trámový strop ze spojitých primárních nosníků a jednosměrně pnutých spřažených desek, prefabrikované sloupy jsou děleny stropními deskami a stykovány pomocí svarů. Pro samonosné prefabrikáty stropních desek byly navrženy nosníky Montaquick, které ve spojení s předepsaným dvoufázovým postupem betonáže umožnily betonování stropních desek bez nutnosti podstojkování.";"@TODO DATUM";11604.1-1;VV;pstavby;1
7;"IKEA II";"IKEA II Shopping park Praha, Praha 5, Zličín";"Skanska Stav s.r.o.";"PREFA PRAHA  a.s.";"RDS 1998";1998;"55 mil. Kč";"Stavba IKEA II¨ obchodního centra Zličín je tvořena dvěma halovými objekty. Oba objekty jsou půdorysného lichoběžníkového tvaru, rozměrů 60 x 100 m (objekt A), resp. 60 x 350 m (objekt B+C), max. výšky 11 m nad upraveným terénem. Haly jsou navrženy jako montované skelety z železobetonových tyčových prefabrikátů, střešní vazníky jsou předpjaté. Rozteč sloupů je 12 x 24 m, v částech vložených ¨mezistropů¨ 12 x 12 m, v oblasti zásobovacího dvora 18 m. Stropní konstrukce mezipater jsou navrženy jako spřažené beton/beton předpjaté";"@TODO DATUM";1-110-505;VV;pstavby;
8;Kartouzská;"Strahovský tunel, 3. stavba - západní most přes Plzeňskou a Kartouzskou ulici";"Odbor městského investora MHMP";"Metrostav a.s.";"RDS 1994 - 1995";"1995 - 1997";"70 mil. Kč";"Přemostění Plzeňské a Kartouzské ulice je součástí rozsáhlé mimoúrovňové křižovatky silničního okruhu s městskými třídami s kombinovanou automobilovou a tramvajovou dopravou. Mostní objekt propojuje jižní portál Strahovského tunelu se severním portálem tunelu Mrázovka, se sjízdnými rampami do Plzeňské a Kartouzské ulice. Projektová příprava byla zahájena v roce 1987 a prošla několika různými variantami dispozičního řešení křižovatky i technologie mostního objektu. Koncepce projektového řešení mostních objektů byla vypracována v letech 1992/1993. definitivní dispoziční řešení křižovatky z  r. 1996 ještě redukuje rozsah mostních objektů, základní uspořádání podpor jakož i tvar průřezu již zůstaly zachovány. V témže roce došlo ještě k zaoblení příčného řezu na základě vybraného architektonického návrhu na design mostu. Západní most přes Plzeňskou a Kartouzskou ulici sestává ze dvou samostatných mostních objektů. Hlavní most o 4 polích celkové délky cca 113 m je navržen jako spojitá desková konstrukce z předpjatého betonu. Rampový most tvoří v půdoryse monolitický trojúhelník s vnitřním zrcadlem, s ohledem na rozpětí polí max. 25 m a poloměry zakřivení min. 30 m je navržen jako železobetonový bez použití předpětí. Koncepce návrhu přemostění vychází z centrálního podepření vícekomorového příčného řezu na vnitřních podporách obou mostů. U hlavního mostu jsou navrženy stěnové podpěry se dvěma ložisky, u rampových mostů bodové podpěry s jedním ložiskem. Za účelem dosažení kompaktního podhledu zaoblené deskové konstrukce bez konzol jsou dílčí příčné řezy rampových mostů výrazně nesymetrické ke svislé ose, s příslušnými důsledky pro statický výpočet. Zajímavostí konstrukčního řešení rampových mostů je mj. návrh staticky spolupůsobícího bednění horní desky komorového průřezu ve formě filigránových desek s tlačeným betonovým pásem, které umožnilo hospodárnější návrh nosné konstrukce a zároveň výrazně zjednodušilo technologii provádění.";"@TODO DATUM";;VV;mosty;1
9;"Ml. Boleslav - Přeložka trati";"Přeložka železniční trati Mladá Boleslav, komunikace a mostní objekty";"eské dráhy SDC";"SUDOP PRAHA a.s.";"DUR 2002, DSP 2002, RDS 2002 - 2003";"2002 - 2003";"60 mil. Kč";"V rámci přeložky železniční trati v centru Mladé Boleslavi je navržen křižovatkový mostní objekt, který převádí jednu z hlavních městských ulic tř. Václava Klementa přes zahloubenou železniční trať. Mostní objekt o šířce cca 32 m mezi připravovanými stavbami Bondy centra na straně severní a Severovýchodní tangenty a Zákaznického centra firmy Škoda Auto na straně jižní včetně souběžně vedené lávky pro pěší a příslušného úseku křižovatek na předpolích mostu bylo nutno budovat za plného železničního i silničního provozu. Problematický byl proto hlavně postup výstavby, sestávající z několika etap (vlastní mostní objekt byl budován po polovinách), a organizace hlavní výluky, převádějící železniční trať do zářezu. V rámci výstavby mostu a křižovatky bylo dále nutno koordinovat množství přeložek inženýrských sítí. Hlavní mostní objekt je navržen jako monolitický deskový rozpěrák, založený plošně na opěrách ve svahu zářezu trati. Současně s hlavním mostním objektem byly navrženy a vybudovány rovněž spodní stavby dalších připravovaných mostních objektů podél zářezu, a to tzv. Zakrytí trati a mostu na autobusové nádraží. Tyto mostní objekty byly realizovány později v rámci staveb Severovýchodní tangenta a Bondy centrum Mladá Boleslav.";"@TODO DATUM";03706.8-2;VV;mosty;
10;"Ml. Boleslav - SVT";"Mladá Boleslav - Severovýchodní tangenta";"Město Mladá Boleslav";"SUDOP PRAHA a.s.";"DSP 2006, DZS 2006, RDS 2007";2007;"50 mil. Kč";"Severovýchodní tangenta v celé trase bude nová městská komunikace v délce cca 1,7 km, která spojí třídu V. Klementa ( křižovatka ?Slovanka? ) s ulicí Jičínskou ( okružní křižovatka u Intersparu ). První část v délce 265 m řeší úsek od tř. V. Klementa za nový most na autobusové nádraží v základní  kategorii MS 20/60 ? čtyřpruhová směrově rozdělená komunikace. Trasa sleduje polohu zahloubené trati ČD, řeší dopravní napojení nového autobusového nádraží a dále  Bondi centra a napojení areálu Zákaznického centra Škody Auto. Součástí stavby jsou i přeložky a úpravy inženýrských sítí ? kanalizace, sběrač E včetně přípojek uličních vpustí, veřejné  osvětlení. Konstrukce vozovky je navržena s krytem živičným na velmi těžký provoz. Podél trasy je navržen jednostranný chodník a zárodek budoucí cyklostezky. V počátek trasy je situován do rozšířené, světelnou signalizací osazené, křižovatky tangenty s třídou V. Klementa. Část křižovatky je umístěna na novém mostě přes zahloubenou trať ČD. Bodovaný úsek přeložky končí novým mostním objektem na autobusové nádraží. Dispoziční řešení mostního objektu vychází z požadavků investora Bondy centra a zároveň požadavků výhledové obsluhy objektů ČD a autobusového stanoviště. Jedná se o nadjezd pozemní komunikace přes jednokolejnou trať ČD o 1 poli s horní mostovkou, trvalý, nepohyblivý, trámový z prefabrikovaných nosníků, spřažených se železobetonovou deskou mostovky. Délka přemostění činí 18,057m, délka mostu 25.5m. Mostní objekt byl navržen jako čtyřpruhový, volná šířka vozovky 16,0m, s oboustrannými chodníky šířky 3,0m.";"@TODO DATUM";03704.6-2;VV;mosty;
11;"TOM2 - Ostrov";"Obchvat silnice I/13 Ostrov, SO 206 Most na obj. 101 v km 5,336";"editelství silnic a dálnic ČR";"SUDOP PRAHA a.s.";"RDS 2003";2004;;"Mostní objekt byl budován v rámci stavby Obchvat silnice I/13 a umožnil převedení komunikace přes Borecký potok. Převáděná komunikace I/13 je v místě objektu vedena ve směrovém oblouku o poloměru 650 m a v podélném spádu 0,5 %. Šířkové uspořádání komunikace odpovídá kategorii S11,5/70. Objekt byl založen plošně ve svahové stavební jámě. Jílovitý štěrk pod úrovní základové spáry se nahradil hrubým štěrkem. Most je navržen jako klenbová prefabrikovaná konstrukce s přesypáním. Klenbová tenkostěnná konstrukce spolupůsobí se zemním tělesem. Průřez je sestaven ze 4 dílů prefabrikátů TOM2 S3 (spodní díl, 2 boční díly, klenbový díl) délky 2,2 m, resp. 1,1 m (spodní díl). Křídla jsou upravena ze standardních bočních dílů. Jednotlivé prstence sestavené z dílů jsou montovány tak, aby spára mezi nimi byla 1 cm. Prstence jsou vzájemně propojeny průběžným petlicovým spojem mezi bočním a spodním dílem. Křídla konstrukce  odpovídají sklonu násypu. První a poslední klenbový díl je vykrojený. Použití prefabrikované konstrukce výrazně zrychlilo stavbu mostu.";"@TODO DATUM";06003.1-1;PK;mosty;
12;"Rokytka - cyklostezka";"Rokytka, rozvoj území - cyklostezka, mostní objekty";"Odbor městského investora MHMP";"BOMART spol. s r. o.";"DUR 2006, DSP 2007";"2006 - 2007";"86 mil. Kč";"Navrhovaná lávka propojuje stávající cyklotrasu podél Rokytky s mostním objektem přes ulici Freyova, kde začíná násypové těleso nově navrhované cyklostezky. Hlavní překonávanou překážkou je Ocelářská ulice, která zajišťuje přístup k hale Sazka. Součástí objektu je rovněž část cyklostezky, vedená na násypu mezi Rokytkou a severní opěrou mostu, včetně gabionové zídky. Hlavním limitujícím faktorem při návrhu mostního objektu bylo množství inženýrských sítí, vedených v prostoru křižovatky ulic Freyova a Ocelářská, jejichž ochranná pásma prakticky znemožňují umístění podpor mostního objektu. Po prověření řady variant byla navržena zavěšená ocelová konstrukce o dvou polích rozpětí 2x52,0m, která plynulým půdorysným i výškovým obloukem propojuje prostor u Rokytky s předpolím mostu Freyova. Překonávaný výškový rozdíl je cca 5,50m. Dalším omezujícím prvkem při návrhu objektu byla připravovaná investice Moravské ocelářské a.s., která připravuje v těsné blízkosti křižovatky Freyovy a Ocelářské výstavbu vícepodlažního administrativního objektu. Požadavky investora, který je vlastníkem pozemků na západním předpolí mostu Freyova, podmínily zásadním způsobem vedení cyklostezky v daném úseku a umístění jižní opěry mostu. Přitom je definitivní vedení trasy umožněno až po kolaudaci připravované budovy, v etapě bude cyklostezka převedena provizorním chodníkem šířky 2,0m, vedeným po stávajícím terénu a propojeným prostřednictvím schodišť s navazujícími úseky cyklostezky a chodníkem podél ulice Freyova. Nosná konstrukce lávky je navržena ocelová zavěšená, rozpětí 2 x 52,0m, v každém poli jsou navrženy dva rovnoběžné závěsy z centrálního pylonu. V příčném řezu je hlavním nosným prvkem ocelová trubka &#216;1,22m, s vykonzolovanými příčníky a ocelovou ortotropní mostovkou. V průběhu zpracování byla prověřována řada variant řešení, přitom pro závěrečnou prezentaci byla podrobněji rozpracována rovněž varianta ?Lochnesky?, včetně její vizualizace.";"@TODO DATUM";15405.1-2;VV;mosty;1
13;Roztocká;"Oprava komunikace Roztocké";"TSK  hl.města Prahy";"TSK hl. města Prahy";"DUR 2003, DSP 2004, RDS 2006";2006;"50 mil. Kč";"Opravovaná ul. Roztocká v úseku Kamýcká - V Rokli  je silnicí II/242, která byla poškozena povodní v roce 2002 a částečně i 2006. V řešeném úseku délky 1063 m dochází k drobným směrovým a výškovým změnám. Šířka vozovky sjednocena na S 9,5/ 50, chodníky rozšířeny a prodlouženy. Na trase vybudováno několik zpomalovacích prvků (zvýšené prahy,ostrůvky) a zajištěno propojení s vybudovanou cyklostezkou a zprovozněným přívozem v Sedlci, vybudována dvě parkoviště. Součástí stavby jsou i rozsáhlé  přeložky inženýrských sítí, tj. DK-ČD, kabely MTS Telecom vč. DK, nové VO a řešeno odvodnění (propustek). Stavba vyvolala rozsáhlá dopravní opatření na objízdných trasách mezi Prahou 6 a Roztoky.";"@TODO DATUM";04203.2-2;JB;dstavby;
14;"Rubeška II";"Bytový komplex Rubeška II,Praha 9";"CON Invest a.s.";"CON Invest a.s.";"DSP 2002, RDS 2003";2003;"200 mil. Kč";"Nový bytový komplex Rubeška II pro 350 bytů je situován v blízkosti Náměstí OSN mezi ulicemi Sokolovská a železniční tratí Praha-Lysá n./Labem. Jedná se o soubor budov sestávající ze čtyř samostatných bloků o jednom až dvou samostatných vchodech, spočívající na společné suterénní podnoži. Bloky A, B, C na sebe konstrukčně navazují a jsou situovány k severní a východní hranici zájmového území, blok D tvoří samostatný objekt, který uzavírá klidový vnitroblok z východu, jihu a západu. Ve dvou suterénních patrech, která třemi výškovými úrovněmi sledují daný průběh terénu, jsou navržena parkovací stání, technické místnosti objektu a pronajímatelné skladové prostory. Na úrovni parteru jsou umístěny převážně pronajímatelné obchody nebo restaurační provozy, v nadzemních částech všech bloků potom bytové jednotky, resp. prostory k přechodnému  pobytu. Nosná konstrukce objektu je navržena stěnodesková z monolitického železobetonu, se dvěma podzemními a devíti až desíti nadzemními podlažími. Podzemní část je rozdělena na dva dilatační celky, dva samostatné nadzemní bloky ( věže ) jsou navrženy pouze na části půdorysu, zbývající část je řešena jako parter. Obrys má přibližně tvar nepravidelného lichoběžníka o celkových rozměrech 60x70,5 až 83,5 metrů, dilatační spára probíhá převážně podél osy G? a osy I. Dvoupodlažní podzemní část je navržena jako železobetonová vodotěsná vana bez dodatečných izolací. Objekty jsou zasypány do úrovně podlahy přízemí a s ohledem na přítomnost spodní vody nadimenzovány na vodní přetlak do úrovně stropní desky nad 2.PP. Nadzemní část objektu je navržena jako dva samostatné dilatační celky pro bloky ABC a blok D.";"@TODO DATUM";05402.1-1;VV;pstavby;
15;"Štěrboholy - napojení Europark";"Příjezdová komunikace Štěrboholy";"CA - Leasing - EURO s.r.o.";"CA - Leasing - EURO s.r.o.";"DUR 2006, DSP 2006, DZS 2006";2007;"43 mil. Kč";"Jedná se o výstavbu příjezdové komunikace, která bude v současnosti sloužit k propojení areálu Europarku s rychlostní  komunikací Štěrboholská radiála přes prostor Čerpací stanice Agip. Příjezdová komunikace by se v budoucnu měla stát součástí mimoúrovňového křížení, propojujícího areál Europarku přímo se Štěrboholskou radiálou a dále i s ulicí Průmyslovou, jehož realizace odkloní významnou část dopravy mimo samotnou městskou část Štěrboholy. Celková délka trasy činí cca 512m. V rozhodující části se jedná o komunikaci kategorie MO2 9,5/8/50 v části s chodníkem šířky 2,0m a nezpevněnou krajnicí šířky 1,0m a MO2k 9/8/50 s nezpevněnými krajnicemi šířky 1,0m. 
Součástí stavby byly i rozsáhlé terénní úpravy a zárubní zdi, po kterých následovaly přeložky a úpravy slaboproudých i silnoproudých kabelů, včetně přemístění trafostanice, nové kanalizační řady a veřejné osvětlení.
";"@TODO DATUM";16806.1-2;;dstavby;
16;"TOM2 - Rzavá";"Dálnice D3 Mezno - Chotoviny, most přes vodoteč u Rzavé";"editelství silnic a dálnic ČR";"MOTT MACDONALD Praha, spol. s r.o.";"RDS 2003";2004;"15 mil. Kč";"Dálniční most přes vodoteč u Rzavé, km 69,710,AD 2005. Prefabrikovaná klenbová skořepina světlosti 8,0 m, technologie TOM 2.Výrobní dokumentace dílců.";"@TODO DATUM";08703.1-1;PK;mosty;
17;"TOM2 - Nýřany";"Přeložka silnice II/180 Zbůch - Nýřany, Obj. 205, 206 - Mosty přes Vejprnický potok";"editelství silnic a dálnic ČR";"Stavby silnic a železnic, a.s.";"DSP 1995, RDS 1995";"1996 - 1997";"25 mil. Kč";"Mostní objekty 205 a 206 provádějí koryto Vejprnického potoka pod větvemi ?A? a ?C? mimoúrovňové křižovatky II/180 s dálnicí D5 Plzeň ? Rozvadov. Křižovatkové větve jsou v místě křížení vedeny v násypech výšky až 9 m nad přilehlým terénem, v komplikovaných směrových a výškových poměrech. Původní DSP předpokládala návrh monolitických rámových kostrukcí délky cca 50 m ve směru vodoteče. Nehledě na značnou pracnost provedení je daný typ konstrukce nevhodný pro použití ve špatných geologických poměrech staveniště s vrstvami jílů měkkéaž kašovité konzistence mocnosti několika metrů. Při navržením plošném založení je dlouhá monolitická konstrukce příliš tuhá a tímto obtížně dimenzovatelná, rozdělení na dilatační úseky realizaci dále komplikuje. Alternativní pilotové založení bylo nereálné z důvodu výrazného zvýšení stavebních nákladů, z hlediska koncepce návrhu je kombinace tuhého založení s poddajným navazujícím násypem rovněž nevhodná. Proto byl v rámci změny DSP předložen návrh nové technologie SSŽ TOM2, vyvíjené společně s dodavatelskou firmou SSŽ OZ 9. Jedná se o přesypané tenkostěnné skořepiny, sestavené z prefabrikovaných dílců, působící v interakci se zeminou. V příčném řezu vodoteče vytvářejí prefabrikáty uzavřený tubus, v podélném směru jsou poté jednotlivé segmenty  tubusu ukládány na sraz bez vzájemného propojení. Tato koncepce je velice výhodná ve špatných geologických podmínkách, jelikož ?ohybově měkká? konstrukce působí jako součást násypu komunikace. Důležitý je požadavek homogenní základové spáry, aby bylo zamezeno nepřípustným diferencím sedání mezi jednotlivými segmenty, přitom absolutní hodnota sedání není rozhodující. Při první realizaci technologie TOM2 v České republice bylo nutno objasnit statické chování konstrukce z hlediska přenášení zatížení v provozním stavu, stejně jako stanovit postup provádění a hutnění zásypu. Napjatost příčného řezu tubusu byla vyšetřována na nelineárním výpočtovém modelu, který vystihuje redistribuci vnitřních sil podél střednice tubusu v závislosti na tuhosti železobetonového průřezu. Za účelem ověření shody výpočetního modelu a skutečného chování konstrukce byla realizována studijní zatěžovací zkouška ve spolupráci s ČVUT ? fakultou stavební, přičemž byla konstatována velmi dobrá shoda naměřených a vypočtených hodnot.";"@TODO DATUM";;PK;mosty;1
18;"UTRE - Třebovská";"D DDC, Optimalizace TÚ Ústí n.O. -Č.Třebová, Nadjezd Třebovské ulice";"eské dráhy SDC";"SUDOP PRAHA a.s.";"DSP 2000, DZS 2000, RDS 2002";"2002 - 2003";"90 mil. Kč";"Most se nachází nedaleko železniční zastávky Ústí nad Orlicí a převádí trať přes Třebovskou ulici. Z dopravního hlediska je situace pod mostem komplikovaná, protože komunikace je zde prostorově omezena okolní zástavbou a navíc zde odbočuje komunikace směrem k železniční zastávce. V prostoru mostu se vyskytují inženýrské sítě. Celková koncepce vycházela z dopravního řešení křižovatky a prostorových, zejména výškových možností, které byly v tomto případě limitující. Nosnou konstrukci tvoří železobetonová monolitická deska se zabetonovanými svařovanými ocelový-mi nosníky. V poli 1 je použito 8 nosníků, v poli je použito 6 nosníků. Tloušťka desek je v obou polích stejná a je 0,68 až 0,775 m. Ze statického hlediska se jedná o dvě prostá pole pod každou kolejí s kolmým uložením. Spodní stavbu tvoří dvě opěry a střední pilíř, který je společný pro obě pole. Krajní opěry jsou založeny plošně. Plošné založení opěr bylo umožněno přesunutím pevného ložiska na pilíř. Pilíř takto přenáší vodorovné síly. Z tohoto důvodu byly pilíře založeny na pilotách.";"@TODO DATUM";03803.5-2;PK;mosty;
19;Ueckermünde;"Přemostění řeky Uecker v Ueckermünde - rekonstrukce zvedacího mostu";"SBA Neustrelitz";"Ingenieurbüro KBP Rostock";"RDS 1994 - 1995";"1995 - 1996";;"Mostní objekt se zvedacím mostem převádí jednu z hlavních městských ulic Ueckerstraße přes řeku Uecker, která je v dotčeném úseku využívána pro provoz jachet a menších plavidel. Původní zvedací most byl již nefunkční a s ohledem na jeho celkově špatný stav a omezení pro říční plavbu bylo rozhodnuto o jeho demolici a výstavbě nového mostu. Návrh nového mostního objektu vychází z charakteru okolní zástavby starého městského centra jakož i vodoteče a proto je prakticky zachováno dispoziční řešení původního mostu. Zásadnější změna se týká zvedacího mostu, který využívá hydraulické zařízení v podzemní strojovně, a proto nevyžaduje výrazné protizávaží, typické pro většinu menších zvedacích mostů. Realizační dokumentaci jakož i vlastní dodávku ocelového zvedacího mostu prováděla firma Klaas Siemens se sídlem v Brémách. Vlastní mostní objekt sestává z jednopolového železobetonového pevného mostu, zvedací ocelové části a dvoupodlažního železobetonového podzemního objektu strojovny, jehož zastropení plní rovněž funkci krajního přechodového mostního pole. Založení je navrženo vesměs hlubinné na vibroberaněných pilotách, krajních opěr kombinovaných se štětovými stěnami. Problémem projektu i realizace bylo zejména provádění spodní stavby včetně založení. Jelikož únosnost původního založení nebylo možné prokázat, bylo nutno původní dřevěné piloty z větší části odstranit, aby bylo možné provést piloty nové. Stavební jámy, situované na vrstvách rašelin a s úrovní dna až 7 m pod hladinou, byly rozpírány v několika úrovních. Kromě zajištění statiky bylo nutno řešit též problém hydraulické únosnosti dna jámy. V rámci dokončovacích prací byly řešeny komunikační úpravy předmostí jakož i kompletní návrh domků obsluhy včetně signalizačního zařízení.";"@TODO DATUM";;VV;zahranici;
20;"Vaňkovka Brno";"Obchodní galerie Vaňkovka Brno";"ECE Projektmanagement Praha s.r.o.";"Skanska Prefa a.s.";"RDS 2004";2004;"200 mil. Kč";"Stavba obchodně společenského centra Galerie Vaňkovka je největším maloobchodním projektem v Brně s prodejní plochou 37.000 m2 a cca 1.000 parkovacích míst pro návštěvníky. Stavba je situována přímo v centru Brna v prostoru historické slévárny a strojírny Vaňkovka, mezi vlakovým a autobusovým nádražím. Do novostavby jsou integrovány historické objekty Jádrovny a Slévárny. Budova obchodního centra je navržena jako čtyřpodlažní, nepodsklepený objekt. V prvním a druhém nadzemním podlaží jsou obchodní prostory uspořádané podél vnitřních obchodních pasáží. Třetí podlaží a střecha (čtvrté podlaží) jsou využité pro parkování osobních automobilů. Z hlediska architektonicko-stavebního je budova centra rozdělena do čtyř segmentů vnitřními kolmými liniemi pasáží ( Mall ), které jsou zastřešeny ocelovou obloukovou konstrukcí ze skleněnou výplní. Centrem objektu je komunikační a obchodní hala ( Rotunda ) situovaná v křížení vnitřních os ? podélné a příčné  pasáže. Kruhový prostor haly je otevřen po celé výšce budovy a zastřešen prosklenou střechou na ocelové konstrukci. Konstrukčně je budova členěna na čtyři dilatační celky, značené jako sekce. Nosná konstrukce je navržena se základní modulovou osnovou 10,0 x 8,25m, resp. 10,0 x 15,0m v prostoru pasáže. Nosná konstrukce objektu o půdorysu 330x100m je navržena jako dvou- až třípodlažní železobetonový skelet. Při návrhu byla sledována následující kritéria: Ekonomika konstrukce, tedy  zachování funkce spojitých konstrukcí, jednoduchost a rychlost montáže, tedy postupná montáž na celou výšku objektu. Výsledné konstrukční uspořádání: Hlavní rámové vazby na rozpětí 10,0m v podélném směru objektu jsou tvořeny spojitými průvlaky a dělenými sloupy. Primární poloprůvlaky jsou spřaženy s dobetonávkou stropní desky; Příčně pnutná stropní deska na rozpětí 8,25m je navržena jako filigránový strop s vylehčením polystyrenovými jádry - důvodem je vylehčení konstrukce a zlepšení tepelně izolačních vlastností; Zastropení Mallu je řešeno prostřednictvím příčně pnutých předpjatých žeber, uložených na primární nosníky; Stropní deska nad 1.NP je vodorovná, stropní deska nad 2. a 3.NP je v souladu se stavebním řešením vozovek parkovacích stání navržena v jednostranných spádech cca 3%. Tento požadavek bylo nutno zohlednit v konstrukčním řešení s dopadem na složitější detaily styčníků a odlišné délky sloupů v rámci podlaží.";"@TODO DATUM";10304.1-1;VV;pstavby;1
21;"Arkády Pankrác";;"ECE Projektmanagement Praha s.r.o.";"Strabag a.s.";"Dokumentace pro provedení stavby";2007-2008;350mil.Kč;"Obchodní a společenské centrum Praha 4 ? Pankrác, budova D je navrhováno jako relativně nízká a rozlehlá budova s jedním suterénem, se čtyřmi nadzemními  podlažími a pojížděnou střechou. Objekt je projektován se třemi obchodními podlažími v suterénu, přízemí a v prvním patře o celkové prodejní ploše zhruba 31 400 m2. V každém podlaží je v západní části situována plošně největší obchodní jednotka, ve zbylé části prostorů jsou menší obchody, provozovny nabízející různé druhy služeb, stravovací zařízení a kavárny. Vstup do obchodních jednotek bude organizován z pasáží a z ?podloubí? v jihovýchodní části objektu. Východozápadní pasáž a příčná severojižní pasáž jsou vzájemně uspořádány ve tvaru písmene T. Přístup denního světla do suterénní a nadzemní východozápadní pasáže je zajištěn souvislou skleněnou střechou. Příčná severojižní pasáž bude zdůrazněna střešním světlíkem nad vysokým vertikálním prostorem. Místo průniku pasáží tvoří veřejné kryté ?náměstí?, které bude shromažďovacím a obchodním prostorem s možností pořádání různých akcí a aktivit. %%
Ve třetím a čtvrtém nadzemním podlaží a na pojížděné střeše budou umístěny parkovací plochy pro motorizované návštěvníky. Při kapacitě parkovacích ploch 29 000 m2 je navrženo cca 700 parkovacích stání. Vjezd osobních automobilů návštěvníků a vozidel zásobování je řešen z ulice Hvězdovy, která bude rozšířena na čtyřpruhovou komunikaci charakteru bulváru se středním dělícím pruhem osázeným vysokou zelení. %%
Nosná konstrukce objektu je navržena jako železobetonový skelet, sestávající v běžném případě z podélných spojitých průvlaků na rozpětí 10,0m a a příčně pnutých filigránových desek, vylehčených polystyrenovými jádry. Rozpětí deskových polí je 8,25m a 12,25m, podélná i příčná obchodní pasáž (mall) o rozpětí 16,50m je přemostěna systémem vedlejších nosníků. Podzemní podlaží včetně průběžné základové desky je navrženo jako vodotěsná železobetonová konstrukce (bílá vana).";"@TODO DATUM";19807.2-1;;pstavby;
